<?xml version="1.0" standalone="yes"?>
<Recordset>
  <xs:schema id="Recordset" xmlns="" xmlns:xs="http://www.w3.org/2001/XMLSchema" xmlns:msdata="urn:schemas-microsoft-com:xml-msdata">
    <xs:element name="Recordset" msdata:IsDataSet="true" msdata:MainDataTable="DTLABELS" msdata:UseCurrentLocale="true">
      <xs:complexType>
        <xs:choice minOccurs="0" maxOccurs="unbounded">
          <xs:element name="DTLABELS">
            <xs:complexType>
              <xs:sequence>
                <xs:element name="LID" type="xs:int" minOccurs="0" />
                <xs:element name="TXID" type="xs:int" minOccurs="0" />
                <xs:element name="ORDERNO" type="xs:decimal" minOccurs="0" />
                <xs:element name="LABEL" type="xs:string" minOccurs="0" />
                <xs:element name="CONTROLTYPE" type="xs:int" minOccurs="0" />
                <xs:element name="FIELDLENGTH" type="xs:int" minOccurs="0" />
                <xs:element name="DEFAULTTEXT" type="xs:string" minOccurs="0" />
              </xs:sequence>
            </xs:complexType>
          </xs:element>
        </xs:choice>
      </xs:complexType>
    </xs:element>
  </xs:schema>
  <DTLABELS>
    <LID>63</LID>
    <TXID>1</TXID>
    <ORDERNO>1</ORDERNO>
    <LABEL>Lot</LABEL>
    <CONTROLTYPE>16</CONTROLTYPE>
    <FIELDLENGTH>10</FIELDLENGTH>
    <DEFAULTTEXT />
  </DTLABELS>
  <DTLABELS>
    <LID>165</LID>
    <TXID>1</TXID>
    <ORDERNO>6</ORDERNO>
    <LABEL>Reel4 Qty</LABEL>
    <CONTROLTYPE>16</CONTROLTYPE>
    <FIELDLENGTH>7</FIELDLENGTH>
    <DEFAULTTEXT />
  </DTLABELS>
  <DTLABELS>
    <LID>67</LID>
    <TXID>1</TXID>
    <ORDERNO>4</ORDERNO>
    <LABEL>Reel2 Qty</LABEL>
    <CONTROLTYPE>16</CONTROLTYPE>
    <FIELDLENGTH>7</FIELDLENGTH>
    <DEFAULTTEXT />
  </DTLABELS>
  <DTLABELS>
    <LID>164</LID>
    <TXID>1</TXID>
    <ORDERNO>5</ORDERNO>
    <LABEL>Reel3 Qty</LABEL>
    <CONTROLTYPE>16</CONTROLTYPE>
    <FIELDLENGTH>7</FIELDLENGTH>
    <DEFAULTTEXT />
  </DTLABELS>
  <DTLABELS>
    <LID>65</LID>
    <TXID>1</TXID>
    <ORDERNO>2</ORDERNO>
    <LABEL>Total # of Reels</LABEL>
    <CONTROLTYPE>4</CONTROLTYPE>
    <FIELDLENGTH>0</FIELDLENGTH>
    <DEFAULTTEXT>02</DEFAULTTEXT>
  </DTLABELS>
  <DTLABELS>
    <LID>66</LID>
    <TXID>1</TXID>
    <ORDERNO>3</ORDERNO>
    <LABEL>Reel1 Qty</LABEL>
    <CONTROLTYPE>16</CONTROLTYPE>
    <FIELDLENGTH>7</FIELDLENGTH>
    <DEFAULTTEXT />
  </DTLABELS>
  <DTLABELS>
    <LID>166</LID>
    <TXID>1</TXID>
    <ORDERNO>7</ORDERNO>
    <LABEL>Reel5 Qty</LABEL>
    <CONTROLTYPE>16</CONTROLTYPE>
    <FIELDLENGTH>7</FIELDLENGTH>
    <DEFAULTTEXT />
  </DTLABELS>
  <DTLABELS>
    <LID>167</LID>
    <TXID>1</TXID>
    <ORDERNO>8</ORDERNO>
    <LABEL>Reel6 Qty</LABEL>
    <CONTROLTYPE>16</CONTROLTYPE>
    <FIELDLENGTH>7</FIELDLENGTH>
    <DEFAULTTEXT />
  </DTLABELS>
  <DTLABELS>
    <LID>168</LID>
    <TXID>1</TXID>
    <ORDERNO>9</ORDERNO>
    <LABEL>Reel7 Qty</LABEL>
    <CONTROLTYPE>16</CONTROLTYPE>
    <FIELDLENGTH>7</FIELDLENGTH>
    <DEFAULTTEXT />
  </DTLABELS>
  <DTLABELS>
    <LID>169</LID>
    <TXID>1</TXID>
    <ORDERNO>10</ORDERNO>
    <LABEL>Reel8 Qty</LABEL>
    <CONTROLTYPE>16</CONTROLTYPE>
    <FIELDLENGTH>7</FIELDLENGTH>
    <DEFAULTTEXT />
  </DTLABELS>
  <DTLABELS>
    <LID>170</LID>
    <TXID>1</TXID>
    <ORDERNO>11</ORDERNO>
    <LABEL>Reel9 Qty</LABEL>
    <CONTROLTYPE>16</CONTROLTYPE>
    <FIELDLENGTH>7</FIELDLENGTH>
    <DEFAULTTEXT />
  </DTLABELS>
  <DTLABELS>
    <LID>171</LID>
    <TXID>1</TXID>
    <ORDERNO>12</ORDERNO>
    <LABEL>Reel10 Qty</LABEL>
    <CONTROLTYPE>16</CONTROLTYPE>
    <FIELDLENGTH>7</FIELDLENGTH>
    <DEFAULTTEXT />
  </DTLABELS>
  <DTLABELS>
    <LID>172</LID>
    <TXID>1</TXID>
    <ORDERNO>13</ORDERNO>
    <LABEL>Reel11 Qty</LABEL>
    <CONTROLTYPE>16</CONTROLTYPE>
    <FIELDLENGTH>7</FIELDLENGTH>
    <DEFAULTTEXT />
  </DTLABELS>
  <DTLABELS>
    <LID>173</LID>
    <TXID>1</TXID>
    <ORDERNO>14</ORDERNO>
    <LABEL>Reel12 Qty</LABEL>
    <CONTROLTYPE>16</CONTROLTYPE>
    <FIELDLENGTH>7</FIELDLENGTH>
    <DEFAULTTEXT />
  </DTLABELS>
</Recordset>