<?xml version="1.0" standalone="yes"?>
<Recordset>
  <xs:schema id="Recordset" xmlns="" xmlns:xs="http://www.w3.org/2001/XMLSchema" xmlns:msdata="urn:schemas-microsoft-com:xml-msdata">
    <xs:element name="Recordset" msdata:IsDataSet="true" msdata:MainDataTable="DTOPTION" msdata:UseCurrentLocale="true">
      <xs:complexType>
        <xs:choice minOccurs="0" maxOccurs="unbounded">
          <xs:element name="DTOPTION">
            <xs:complexType>
              <xs:sequence>
                <xs:element name="OID" type="xs:int" minOccurs="0" />
                <xs:element name="TXID" type="xs:int" minOccurs="0" />
                <xs:element name="LID" type="xs:int" minOccurs="0" />
                <xs:element name="OPTION" type="xs:string" minOccurs="0" />
              </xs:sequence>
            </xs:complexType>
          </xs:element>
        </xs:choice>
      </xs:complexType>
    </xs:element>
  </xs:schema>
  <DTOPTION>
    <OID>94</OID>
    <TXID>1</TXID>
    <LID>65</LID>
    <OPTION>02</OPTION>
  </DTOPTION>
  <DTOPTION>
    <OID>95</OID>
    <TXID>1</TXID>
    <LID>65</LID>
    <OPTION>03</OPTION>
  </DTOPTION>
  <DTOPTION>
    <OID>96</OID>
    <TXID>1</TXID>
    <LID>65</LID>
    <OPTION>04</OPTION>
  </DTOPTION>
  <DTOPTION>
    <OID>97</OID>
    <TXID>1</TXID>
    <LID>65</LID>
    <OPTION>05</OPTION>
  </DTOPTION>
  <DTOPTION>
    <OID>98</OID>
    <TXID>1</TXID>
    <LID>65</LID>
    <OPTION>06</OPTION>
  </DTOPTION>
  <DTOPTION>
    <OID>99</OID>
    <TXID>1</TXID>
    <LID>65</LID>
    <OPTION>07</OPTION>
  </DTOPTION>
  <DTOPTION>
    <OID>100</OID>
    <TXID>1</TXID>
    <LID>65</LID>
    <OPTION>08</OPTION>
  </DTOPTION>
  <DTOPTION>
    <OID>101</OID>
    <TXID>1</TXID>
    <LID>65</LID>
    <OPTION>09</OPTION>
  </DTOPTION>
  <DTOPTION>
    <OID>102</OID>
    <TXID>1</TXID>
    <LID>65</LID>
    <OPTION>10</OPTION>
  </DTOPTION>
  <DTOPTION>
    <OID>103</OID>
    <TXID>1</TXID>
    <LID>65</LID>
    <OPTION>11</OPTION>
  </DTOPTION>
  <DTOPTION>
    <OID>104</OID>
    <TXID>1</TXID>
    <LID>65</LID>
    <OPTION>12</OPTION>
  </DTOPTION>
</Recordset>